<?xml version='1.0'?>
<project xmlns:fte="antlib:com.ibm.wmqfte.ant.taskdefs" name="Invoke" default="job" basedir="." >
	<description>Prepare Monitor Definition and invoke fteCreateMonitor </description>
	
	<target name="init" description="Set Global variables">
	    <property environment="env"/>
	    <property name="mftBinDir" value="c:\IBM\MQ\bin" /> <!-- Install directory for MQ -->

	    <fte:uuid length="8" property="UUID" /> <!-- Make sure we generate a unique temp file name -->
	    <property name="hostname" value="${env.COMPUTERNAME}" />
	    <property name="username" value="${env.USERNAME}" />

	    <property name="mn" value="" /> <!-- Monitor Name -->
	    <property name="sa" value="" /> <!-- Source Agent Name -->
        <property name="sm" value="" /> <!-- Source Agent QMGR Name -->
	    <property name="da" value="" /> <!-- Destination Agent Name -->
        <property name="dm" value="" /> <!-- Destination Agent QMGR Name -->
	    <property name="md" value="" /> <!-- Resource to Monitor -->
	    <property name="pt" value="" /> <!-- Pattern to Monitor -->
	    <property name="matchType" value="wildcard" /> <!-- Pattern to Monitor -->	
		<property name="pu" value="minutes" /> <!-- polling Unit -->
        <property name="pi" value="10" /> <!-- polling Interval -->
		<property name="sd" value="" /> <!-- Source resource -->			
		<property name="ttype" value="text" /> <!-- Transfer Type -->
		<property name="srcdisp" value="delete" /> <!-- Source file disposition -->
		<property name="dd" value="" /> <!-- Destination Directory -->		
		<property name="exists" value="overwrite" /> <!-- Destination file disposition -->
		<property name="postDestC" value="Z" /> <!-- postDestinationCall -->
		<property name="postSrcC" value="Z" /> <!-- postSourceCall -->
		<property name="preDestC" value="Z" /> <!-- preDestinationCall -->
		<property name="preSrcC" value="Z" /> <!-- preSourceCall -->
        <property name="mqaDocType" value="DefaultDocType" /> <!-- Document Type -->		
		<property name="mqaDocId" value="" /> <!-- Document id -->
		<property name="mqaPreMon" value="SUBST" /> <!-- Future Use-->
		<property name="mqaPreSrc" value="NOOP" /> <!-- Future Use-->
		<property name="mqaPostSrc" value="NOOP" /> <!-- Future Use-->	
		<property name="mqaPreDst" value="NOOP" /> <!-- Future Use-->	
		<property name="mqaPostDst" value="NOOP" /> <!-- Future Use-->	
		<property name="mqaFileSpecPath" value="" /> <!-- this will be set in Monitor def XML by JS  -->
		<property name="filename" value="" /> <!-- Transfer Type -->
		<property name="jobNumber" value="" /> <!-- Transfer Type -->
		<property name="fileSeqNo" value="" /> <!-- Transfer Type -->

	    <property name="mt" value="${mt}" /> <!-- Monitor Template name -->
		<property name="tt" value="${tt}"/> <!-- template type -->
	    <property name="templateDir" value="C:\RAMOKSMI\Technical\FTE\MonitorCreation_ExcelMacro\RL_ClubMonaco"/>
	</target>

	<target name="job" depends="init" description="Invoke fteCreateMonitor">
		<!-- copy the template  and replace tokens-->
		<copy file="${templateDir}\${mt}" tofile="${templateDir}\${UUID}.txt"/>
		
		<replace file="${templateDir}\${UUID}.txt" token="#{hostname}" value="${hostname}"/>
		<replace file="${templateDir}\${UUID}.txt" token="#{username}" value="${username}"/>
		<replace file="${templateDir}\${UUID}.txt" token="#{mn}" value="${mn}"/>
		<replace file="${templateDir}\${UUID}.txt" token="#{sa}" value="${sa}"/>
		<replace file="${templateDir}\${UUID}.txt" token="#{sm}" value="${sm}"/>
		<replace file="${templateDir}\${UUID}.txt" token="#{da}" value="${da}"/>
		<replace file="${templateDir}\${UUID}.txt" token="#{dm}" value="${dm}"/>
		<replace file="${templateDir}\${UUID}.txt" token="#{md}" value="${md}"/>
		<replace file="${templateDir}\${UUID}.txt" token="#{pt}" value="${pt}"/>
		<replace file="${templateDir}\${UUID}.txt" token="#{matchType}" value="${matchType}"/>	
		<replace file="${templateDir}\${UUID}.txt" token="#{pu}" value="${pu}"/>
		<replace file="${templateDir}\${UUID}.txt" token="#{pi}" value="${pi}"/>	
		<replace file="${templateDir}\${UUID}.txt" token="#{sd}" value="${sd}"/>
		<replace file="${templateDir}\${UUID}.txt" token="#{ttype}" value="${ttype}"/>
		<replace file="${templateDir}\${UUID}.txt" token="#{srcdisp}" value="${srcdisp}"/>
		<replace file="${templateDir}\${UUID}.txt" token="#{dd}" value="${dd}"/>	
		<replace file="${templateDir}\${UUID}.txt" token="#{exists}" value="${exists}"/>
		<replace file="${templateDir}\${UUID}.txt" token="#{postDestC}" value="${postDestC}"/>
		<replace file="${templateDir}\${UUID}.txt" token="#{postSrcC}" value="${postSrcC}"/>
		<replace file="${templateDir}\${UUID}.txt" token="#{preSrcC}" value="${preSrcC}"/>
		<replace file="${templateDir}\${UUID}.txt" token="#{preDestC}" value="${preDestC}"/>
		<replace file="${templateDir}\${UUID}.txt" token="#{mqaDocType}" value="${mqaDocType}"/>
		<replace file="${templateDir}\${UUID}.txt" token="#{mqaDocId}" value="${mqaDocId}"/>
		<replace file="${templateDir}\${UUID}.txt" token="#{mqaPreMon}" value="${mqaPreMon}"/>	
		<replace file="${templateDir}\${UUID}.txt" token="#{mqaPreSrc}" value="${mqaPreSrc}"/>
		<replace file="${templateDir}\${UUID}.txt" token="#{mqaPostSrc}" value="${mqaPostSrc}"/>
		<replace file="${templateDir}\${UUID}.txt" token="#{mqaPreDst}" value="${mqaPreDst}"/>
		<replace file="${templateDir}\${UUID}.txt" token="#{mqaPostDst}" value="${mqaPostDst}"/>
		<replace file="${templateDir}\${UUID}.txt" token="#{filename}" value="${filename}"/>
		<replace file="${templateDir}\${UUID}.txt" token="#{jobNumber}" value="${jobNumber}"/>
		<replace file="${templateDir}\${UUID}.txt" token="#{fileSeqNo}" value="${fileSeqNo}"/>
		<replace file="${templateDir}\${UUID}.txt" token="^^" value="^"/>

		<move file="${templateDir}\${UUID}.txt" tofile="${templateDir}\${sa}\${mn}.xml" overwrite="true" verbose="true" />
		
		<echo message="Done replaceing variable is Template" />		
		
		<!-- Now Lets a js to customize the template with the pre/post calls -->
		<!--echo message="Calling JS to customize XML Template." />				
		<loadfile property="monitorTemplate" srcfile="${templateDir}\${sa}\${mn}.xml"/> 			
		<script language="javascript" src="${basedir}/MonitorDefine.js" />
		<echo message="${updatedXML}" level="verbose" append="false" file="${templateDir}\${sa}\${mn}.xml"/-->	
		
		<!-- Now Lets invoke the "fteCreateMonitor" command passing in the unique template and capturing the output --> 
		<!--exec dir="${mftBinDir}" executable="${mftBinDir}\fteCreateMonitor.cmd" 
			outputproperty="fteOutput" logerror="true" errorproperty="fteEOutput">
		
			<arg value="-ma"/>
			<arg value="${sa}"/>
			<arg value="-mn"/>
			<arg value="${mn}"/>
			<arg value="-ix"/>
			<arg value="${templateDir}\${sa}\${mn}.xml"/>
			<arg value="-f"/>	
		</exec-->
		
		<echo message="#### stdout #### ${fteOutput}" />
		<echo message="#### stderr #### ${fteEOutput}" />
		
		<condition property="fteFail">
			<length string="${fteEOutput}" when="gt" length="0"  />
		</condition>
		
		<fail if="fteFail" message="fteCreateMonitor Transfer failed Error=${fteEOutput} "/>
	</target>
</project>